{
  "city_name": "Amsterdam",
  "display_name": "Amsterdam",
  "sample_size": 5872,
  "scenario1": {
    "privacy_premium": {
      "p_value": 3.436008766728494e-253,
      "significant": "True",
      "premium_ratio": 1.7841726618705036,
      "median_entire": 248.0,
      "median_private": 139.0
    },
    "capacity_premium": {
      "correlation": 0.5317907947857758,
      "p_value": 0.0,
      "significant": "True"
    },
    "interaction_effect": {
      "interaction_coef": 29.024651355759143,
      "interaction_p_value": 0.5338253722678475,
      "significant": "False"
    }
  },
  "scenario2": {},
  "scenario3": {
    "scale_price": {
      "p_value": 1.90290306045672e-35,
      "significant": "True",
      "medians": {
        "1": 227.0,
        "2-3": 175.0,
        "4-5": 195.5,
        ">5": 209.5
      }
    },
    "scale_occupancy": {
      "p_value": 2.5360923616721255e-35,
      "significant": "True",
      "medians": {
        "1": 105.0,
        "2-3": 210.0,
        "4-5": 259.0,
        ">5": 227.5
      }
    }
  },
  "scenario4": {
    "rating_occupancy": {
      "correlation": -0.09894750305302968,
      "p_value": 2.9776973060200376e-14,
      "significant": "True"
    },
    "superhost_comparison": {
      "p_value": 8.518957683649617e-09,
      "significant": "True",
      "superhost_median": 163.0,
      "regular_median": 114.0
    }
  },
  "scenario5": {
    "ltm_price": {
      "correlation": -0.2287566951649857,
      "p_value": 1.3998681998216357e-70,
      "significant": "True"
    },
    "historical_price": {
      "correlation": -0.2124772858304626,
      "p_value": 6.352646980889332e-61,
      "significant": "True"
    },
    "ltm_occupancy": {
      "correlation": 0.06426521881569122,
      "p_value": 8.281053697157934e-07,
      "significant": "True"
    }
  }
}