{
  "city_name": "Barossa Valley",
  "display_name": "Barossa Valley",
  "sample_size": 317,
  "scenario1": {
    "privacy_premium": {
      "p_value": 0.00030184295862445117,
      "significant": "True",
      "premium_ratio": 1.553349875930521,
      "median_entire": 313.0,
      "median_private": 201.5
    },
    "capacity_premium": {
      "correlation": 0.4650039485310537,
      "p_value": 8.025510583456345e-18,
      "significant": "True"
    },
    "interaction_effect": {
      "interaction_coef": 28.382198791469154,
      "interaction_p_value": 0.4014753415224268,
      "significant": "False"
    }
  },
  "scenario2": {},
  "scenario3": {
    "scale_price": {
      "p_value": 0.42306656281331145,
      "significant": "False",
      "medians": {
        "1": 292.0,
        "2-3": 298.0,
        "4-5": 323.0,
        ">5": 340.0
      }
    },
    "scale_occupancy": {
      "p_value": 0.005190922305528007,
      "significant": "True",
      "medians": {
        "1": 276.0,
        "2-3": 305.0,
        "4-5": 320.0,
        ">5": 315.0
      }
    }
  },
  "scenario4": {
    "rating_occupancy": {
      "correlation": -0.07510536114955337,
      "p_value": 0.18226450209787362,
      "significant": "False"
    },
    "superhost_comparison": {
      "p_value": 0.0019118168321274015,
      "significant": "True",
      "superhost_median": 285.5,
      "regular_median": 312.0
    }
  },
  "scenario5": {
    "ltm_price": {
      "correlation": -0.19321644421682255,
      "p_value": 0.0005418154082229328,
      "significant": "True"
    },
    "historical_price": {
      "correlation": -0.25747891083863356,
      "p_value": 3.4054238600493115e-06,
      "significant": "True"
    },
    "ltm_occupancy": {
      "correlation": -0.3049759177793635,
      "p_value": 3.006617080810165e-08,
      "significant": "True"
    }
  }
}